<?xml version="1.0" encoding="UTF-8"?>
<Configuration status="info" name="proxy" packages="">
    <Appenders>
        <Console name="Console" target="SYSTEM_OUT">
            <PatternLayout charset="UTF-8" pattern="gs: %d{HH:mm:ss.SSS} [%t] %-5level %logger{36} - %msg%n" />
        </Console>

        <RollingFile name="program" fileName="./logs/proxy.log" filePattern="./logs/proxy.log.%d{yyyy-MM-dd-HH}.%i">
            <PatternLayout charset="UTF-8">
                <Pattern>%d{yyyy-MM-dd HH:mm:ss,SSS} %5p - %m%n</Pattern>
            </PatternLayout>
            <Policies>
                <TimeBasedTriggeringPolicy />
                <SizeBasedTriggeringPolicy size="1GB"/>
            </Policies>
            <DefaultRolloverStrategy max="100"/>
        </RollingFile>
        <RollingFile name="program_error" fileName="./logs/program/proxy_error.log" filePattern="./logs/program/proxy_error.log.%d{yyyy-MM-dd-HH}.%i">
            <PatternLayout charset="UTF-8">
                <Pattern>%d{yyyy-MM-dd HH:mm:ss,SSS} %5p - %m%n</Pattern>
            </PatternLayout>
            <Policies>
                <TimeBasedTriggeringPolicy />
                <SizeBasedTriggeringPolicy size="1GB"/>
            </Policies>
            <DefaultRolloverStrategy max="100"/>
        </RollingFile>

        <Async name="AsyncProgram" bufferSize="1048576" errorRef="program_error">
            <AppenderRef ref="program"/>
        </Async>
    </Appenders>

    <Loggers>
        <Root level="info" includeLocation="true">
            <AppenderRef ref="Console"/>
            <AppenderRef ref="AsyncProgram"/>
        </Root>
    </Loggers>
</Configuration>
